Id,colony,image,area,xcoord,ycoord,b_pres
0,Atka Bay,2024-04-12-20-38-35_UMBRA-06_GEC.tif,312.9050684,-8.14246716,-70.62625357,yes
0,Atka Bay,2024-04-12-20-38-35_UMBRA-06_GEC.tif,505.3724038,-8.14676934,-70.62620456,yes
0,Atka Bay,2024-04-12-20-38-35_UMBRA-06_GEC.tif,572.2997715,-8.15934821,-70.60725494,yes
0,Atka Bay,2024-04-24-00-04-46_UMBRA-04_GEC.tif,563.1191833,-8.16050034,-70.62021758,yes
0,Atka Bay,2024-04-24-00-04-46_UMBRA-04_GEC.tif,73.04242363,-8.16036427,-70.62098474,yes
0,Atka Bay,2024-04-24-00-04-46_UMBRA-04_GEC.tif,921.5233487,-8.16044558,-70.62164579,yes
0,Atka Bay,2024-04-24-00-04-46_UMBRA-04_GEC.tif,38.26754838,-8.16025789,-70.62247701,yes
0,Atka Bay,2024-04-24-00-04-46_UMBRA-04_GEC.tif,60.22149337,-8.16031715,-70.62257107,yes
0,Atka Bay,2024-04-24-00-04-46_UMBRA-04_GEC.tif,33.02817435,-8.16036711,-70.62269501,yes
0,Atka Bay,2024-04-24-00-04-46_UMBRA-04_GEC.tif,29.83820538,-8.16030354,-70.62282284,yes
0,Atka Bay,2024-04-24-00-04-46_UMBRA-04_GEC.tif,52.9765874,-8.16036048,-70.62352,yes
0,Atka Bay,2024-04-24-00-04-46_UMBRA-04_GEC.tif,9.152278607,-8.16016427,-70.62292508,yes
0,Atka Bay,2024-04-24-00-04-46_UMBRA-04_GEC.tif,162.9816447,-8.15872831,-70.62210027,yes
0,Atka Bay,2024-04-24-00-04-46_UMBRA-04_GEC.tif,19.60187046,-8.15887184,-70.62221115,yes
0,Atka Bay,2024-04-24-00-04-46_UMBRA-04_GEC.tif,32.6283175,-8.15920222,-70.62242755,yes
0,Atka Bay,2024-04-24-00-04-46_UMBRA-04_GEC.tif,70.38368816,-8.15938581,-70.62260564,yes
0,Atka Bay,2024-04-24-00-04-46_UMBRA-04_GEC.tif,20.87252663,-8.15954133,-70.62274062,yes
0,Atka Bay,2024-05-09-00-18-11_UMBRA-05_GEC.tif,100.630636,-8.15973603,-70.62287815,yes
0,Atka Bay,2024-04-24-00-04-46_UMBRA-04_GEC.tif,17.29167187,-8.16043611,-70.62366014,yes
0,Atka Bay,2024-04-24-00-04-46_UMBRA-04_GEC.tif,49.57843695,-8.16060539,-70.62381557,yes
0,Atka Bay,2024-04-24-00-04-46_UMBRA-04_GEC.tif,8.527549395,-8.16077637,-70.62409116,yes
0,Atka Bay,2024-04-24-00-04-46_UMBRA-04_GEC.tif,147.8725373,-8.15214258,-70.62744534,yes
0,Atka Bay,2024-04-24-00-04-46_UMBRA-04_GEC.tif,123.6155094,-8.15199567,-70.62732868,yes
0,Atka Bay,2024-04-24-00-04-46_UMBRA-04_GEC.tif,109.0276295,-8.15811183,-70.60574334,yes
0,Atka Bay,2024-05-09-00-18-11_UMBRA-05_GEC.tif,196.6253746,-8.15921552,-70.62030285,yes
0,Atka Bay,2024-05-09-00-18-11_UMBRA-05_GEC.tif,445.0102886,-8.15980408,-70.62054348,yes
0,Atka Bay,2024-05-09-00-18-11_UMBRA-05_GEC.tif,49.80514006,-8.1583409,-70.62057327,yes
0,Atka Bay,2024-05-09-00-18-11_UMBRA-05_GEC.tif,135.1418983,-8.15792599,-70.62080186,yes
0,Atka Bay,2024-05-09-00-18-11_UMBRA-05_GEC.tif,246.3664361,-8.15750397,-70.62092986,yes
0,Atka Bay,2024-05-09-00-18-11_UMBRA-05_GEC.tif,267.4162766,-8.15887472,-70.62108781,yes
0,Atka Bay,2024-04-24-00-04-46_UMBRA-04_GEC.tif,8.338825415,-8.15966401,-70.62106595,yes
0,Atka Bay,2024-05-09-00-18-11_UMBRA-05_GEC.tif,70.00305479,-8.15827459,-70.62144537,yes
0,Atka Bay,2024-05-09-00-18-11_UMBRA-05_GEC.tif,230.6100634,-8.16010081,-70.62257987,yes
0,Atka Bay,2024-05-09-00-18-11_UMBRA-05_GEC.tif,183.8849475,-8.15958336,-70.62296502,yes
0,Atka Bay,2024-05-09-00-18-11_UMBRA-05_GEC.tif,350.9768544,-8.16020878,-70.62017412,yes
0,Atka Bay,2024-05-09-00-18-11_UMBRA-05_GEC.tif,201.5318713,-8.1511401,-70.62467614,yes
0,Atka Bay,2024-05-09-00-18-11_UMBRA-05_GEC.tif,475.9447476,-8.15265683,-70.62663517,yes
0,Atka Bay,2024-05-09-00-18-11_UMBRA-05_GEC.tif,20.39602224,-8.15294464,-70.62667379,yes
0,Atka Bay,2024-05-09-00-18-11_UMBRA-05_GEC.tif,11.2165653,-8.15289923,-70.62661296,yes
0,Atka Bay,2024-05-09-00-18-11_UMBRA-05_GEC.tif,230.0350968,-8.15319077,-70.60275694,yes
0,Atka Bay,2024-05-09-00-18-11_UMBRA-05_GEC.tif,57.58597138,-8.15377749,-70.6027587,yes
0,Atka Bay,2024-05-24-09-59-25_UMBRA-07_GEC.tif,105.8200024,-8.15993649,-70.62305921,yes
0,Atka Bay,2024-05-24-09-59-25_UMBRA-07_GEC.tif,268.7194187,-8.16016534,-70.6232073,yes
0,Atka Bay,2024-05-24-09-59-25_UMBRA-07_GEC.tif,101.1274899,-8.16041852,-70.62337652,yes
0,Atka Bay,2024-05-24-09-59-25_UMBRA-07_GEC.tif,55.80808076,-8.16047155,-70.62222263,yes
0,Atka Bay,2024-05-24-09-59-25_UMBRA-07_GEC.tif,163.5812758,-8.1578128,-70.61806498,yes
0,Atka Bay,2024-05-24-09-59-25_UMBRA-07_GEC.tif,277.7929669,-8.15683739,-70.61755689,yes
0,Atka Bay,2024-05-24-09-59-25_UMBRA-07_GEC.tif,345.5828672,-8.15677512,-70.61731485,yes
0,Atka Bay,2024-05-24-09-59-25_UMBRA-07_GEC.tif,81.6211154,-8.15676913,-70.61711828,yes
0,Atka Bay,2024-05-24-09-59-25_UMBRA-07_GEC.tif,85.61936463,-8.15611645,-70.61654345,yes
0,Atka Bay,2024-05-24-09-59-25_UMBRA-07_GEC.tif,42.20729151,-8.15606265,-70.61664708,yes
0,Atka Bay,2024-05-24-09-59-25_UMBRA-07_GEC.tif,39.43829082,-8.15652065,-70.61661553,yes
0,Atka Bay,2024-05-24-09-59-25_UMBRA-07_GEC.tif,100.948816,-8.15697084,-70.6056268,yes
0,Atka Bay,2024-05-24-09-59-25_UMBRA-07_GEC.tif,212.7050283,-8.14930838,-70.60021299,yes
0,Atka Bay,2024-05-24-09-59-25_UMBRA-07_GEC.tif,14.16597391,-8.14952643,-70.60038915,yes
0,Atka Bay,2024-06-07-09-24-36_UMBRA-04_GEC.tif,204.4128209,-8.14701395,-70.59983337,yes
0,Atka Bay,2024-06-07-09-24-36_UMBRA-04_GEC.tif,90.53438257,-8.14745721,-70.60009345,yes
0,Atka Bay,2024-06-07-09-24-36_UMBRA-04_GEC.tif,33.19822472,-8.14832142,-70.60021722,yes
0,Atka Bay,2024-06-07-09-24-36_UMBRA-04_GEC.tif,104.7302103,-8.14747969,-70.6003396,yes
0,Atka Bay,2024-06-07-09-24-36_UMBRA-04_GEC.tif,105.4402126,-8.15714225,-70.61808836,yes
0,Atka Bay,2024-06-07-09-24-36_UMBRA-04_GEC.tif,59.83980423,-8.15611403,-70.61816965,yes
0,Atka Bay,2024-06-07-09-24-36_UMBRA-04_GEC.tif,158.4730704,-8.15579359,-70.6181941,yes
0,Atka Bay,2024-06-07-09-24-36_UMBRA-04_GEC.tif,358.1422506,-8.15591654,-70.61846209,yes
0,Atka Bay,2024-06-07-09-24-36_UMBRA-04_GEC.tif,171.8640583,-8.15502533,-70.61826644,yes
0,Atka Bay,2024-06-07-09-24-36_UMBRA-04_GEC.tif,138.5421941,-8.15475871,-70.61846677,yes
0,Atka Bay,2024-06-07-09-24-36_UMBRA-04_GEC.tif,68.23120165,-8.15394342,-70.61828305,yes
0,Atka Bay,2024-06-07-09-24-36_UMBRA-04_GEC.tif,123.8327044,-8.15965495,-70.6220966,yes
0,Atka Bay,2024-06-07-09-24-36_UMBRA-04_GEC.tif,127.2603542,-8.15970948,-70.61910269,yes
0,Atka Bay,2024-06-07-09-24-36_UMBRA-04_GEC.tif,279.117814,-8.16003376,-70.61955224,yes
0,Atka Bay,2024-06-07-09-24-36_UMBRA-04_GEC.tif,198.8535747,-8.1608532,-70.62125614,yes
0,Atka Bay,2024-06-19-22-51-44_UMBRA-05_GEC.tif,277.5465639,-8.14799593,-70.59877525,yes
0,Atka Bay,2024-06-19-22-51-44_UMBRA-05_GEC.tif,215.9089458,-8.15739271,-70.61764645,yes
0,Atka Bay,2024-06-19-22-51-44_UMBRA-05_GEC.tif,86.85083853,-8.15698304,-70.61835672,yes
0,Atka Bay,2024-06-19-22-51-44_UMBRA-05_GEC.tif,669.1267787,-8.15786736,-70.61847699,yes
0,Atka Bay,2024-06-19-22-51-44_UMBRA-05_GEC.tif,101.260782,-8.15904904,-70.62013098,yes
0,Atka Bay,2024-07-12-22-45-13_UMBRA-05_GEC.tif,174.0372817,-8.14359594,-70.59651002,yes
0,Atka Bay,2024-07-12-22-45-13_UMBRA-05_GEC.tif,53.38522242,-8.14445887,-70.59647335,yes
0,Atka Bay,2024-07-12-22-45-13_UMBRA-05_GEC.tif,278.5498916,-8.15574026,-70.61659319,yes
0,Atka Bay,2024-07-12-22-45-13_UMBRA-05_GEC.tif,544.9284768,-8.1552124,-70.61640264,yes
0,Atka Bay,2024-08-07-00-53-58_UMBRA-07_GEC.tif,225.3104013,-8.14126922,-70.59324901,yes
0,Atka Bay,2024-08-07-00-53-58_UMBRA-07_GEC.tif,205.0196469,-8.15051261,-70.60053187,yes
0,Atka Bay,2024-08-07-00-53-58_UMBRA-07_GEC.tif,47.43165945,-8.15367289,-70.6148485,yes
0,Atka Bay,2024-08-07-00-53-58_UMBRA-07_GEC.tif,261.4791642,-8.15383747,-70.61495644,yes
0,Atka Bay,2024-08-07-00-53-58_UMBRA-07_GEC.tif,78.23700559,-8.15392163,-70.61508878,yes
0,Atka Bay,2024-08-07-00-53-58_UMBRA-07_GEC.tif,296.5496156,-8.1542847,-70.61530465,yes
0,Atka Bay,2024-08-07-00-53-58_UMBRA-07_GEC.tif,23.27358283,-8.15463055,-70.61551943,yes
0,Atka Bay,2024-04-29-23-56-56_UMBRA-07_GEC.tif,55.9305624,-8.15332311,-70.60374656,yes
0,Atka Bay,2024-04-29-23-56-56_UMBRA-07_GEC.tif,72.4128257,-8.15371813,-70.60379593,yes
0,Atka Bay,2024-04-29-23-56-56_UMBRA-07_GEC.tif,49.12581105,-8.15380651,-70.60391049,yes
0,Atka Bay,2024-04-29-23-56-56_UMBRA-07_GEC.tif,186.9701727,-8.15923983,-70.62065896,yes
0,Atka Bay,2024-04-29-23-56-56_UMBRA-07_GEC.tif,40.60382292,-8.1583684,-70.62131113,yes
0,Atka Bay,2024-04-29-23-56-56_UMBRA-07_GEC.tif,99.93676103,-8.15944536,-70.62118814,yes
0,Atka Bay,2024-04-29-23-56-56_UMBRA-07_GEC.tif,21.52163105,-8.15944457,-70.62095163,yes
0,Atka Bay,2024-04-29-23-56-56_UMBRA-07_GEC.tif,184.2739505,-8.15979195,-70.62099832,yes
0,Atka Bay,2024-04-29-23-56-56_UMBRA-07_GEC.tif,29.0555179,-8.15983754,-70.62177039,yes
0,Coulman Island,2024-04-23-13-43-22_UMBRA-07_GEC.tif,72.24018894,169.6360851,-73.34858097,yes
0,Coulman Island,2024-04-23-13-43-22_UMBRA-07_GEC.tif,307.256574,169.6337633,-73.34870221,yes
0,Coulman Island,2024-04-23-13-43-22_UMBRA-07_GEC.tif,124.329829,169.6330596,-73.34841427,yes
0,Coulman Island,2024-04-23-13-43-22_UMBRA-07_GEC.tif,177.2027063,169.6339625,-73.34789225,yes
0,Coulman Island,2024-04-23-13-43-22_UMBRA-07_GEC.tif,51.63369079,169.6331162,-73.34803767,yes
0,Coulman Island,2024-04-23-13-43-22_UMBRA-07_GEC.tif,55.08452098,169.6374898,-73.34977569,yes
0,Coulman Island,2024-04-23-13-43-22_UMBRA-07_GEC.tif,50.19155273,169.6333296,-73.34788931,yes
0,Coulman Island,2024-04-23-13-43-22_UMBRA-07_GEC.tif,236.0599633,169.63794,-73.34972487,yes
0,Coulman Island,2024-04-23-13-43-22_UMBRA-07_GEC.tif,127.757975,169.637351,-73.35040872,yes
0,Coulman Island,2024-04-23-13-43-22_UMBRA-07_GEC.tif,117.8947813,169.6369443,-73.35073993,yes
0,Coulman Island,2024-04-23-13-43-22_UMBRA-07_GEC.tif,239.4206598,169.6379198,-73.35074848,yes
0,Coulman Island,2024-04-23-13-43-22_UMBRA-07_GEC.tif,68.55305975,169.6399113,-73.35094497,yes
0,Coulman Island,2024-04-23-13-43-22_UMBRA-07_GEC.tif,47.8094498,169.6408825,-73.35167278,yes
0,Coulman Island,2024-04-23-13-43-22_UMBRA-07_GEC.tif,79.04718897,169.6407694,-73.35155474,yes
0,Coulman Island,2024-04-23-13-43-22_UMBRA-07_GEC.tif,51.81248367,169.6411026,-73.35157678,yes
0,Coulman Island,2024-04-23-13-43-22_UMBRA-07_GEC.tif,62.32392041,169.6418838,-73.3520506,yes
0,Coulman Island,2024-04-23-13-43-22_UMBRA-07_GEC.tif,52.88454609,169.64151,-73.35200163,yes
0,Coulman Island,2024-04-29-20-37-31_UMBRA-07_GEC.tif,89.01747176,169.6503352,-73.34921919,yes
0,Coulman Island,2024-04-29-20-37-31_UMBRA-07_GEC.tif,134.5437304,169.6484752,-73.34950964,yes
0,Coulman Island,2024-04-29-20-37-31_UMBRA-07_GEC.tif,157.0900067,169.6495201,-73.34914219,yes
0,Coulman Island,2024-04-29-20-37-31_UMBRA-07_GEC.tif,112.9955964,169.6493017,-73.34895045,yes
0,Coulman Island,2024-04-29-20-37-31_UMBRA-07_GEC.tif,270.2911031,169.6489203,-73.34882162,yes
0,Coulman Island,2024-04-29-20-37-31_UMBRA-07_GEC.tif,130.4630893,169.6483351,-73.34925219,yes
0,Coulman Island,2024-04-29-20-37-31_UMBRA-07_GEC.tif,218.85741,169.6477447,-73.34896011,yes
0,Coulman Island,2024-04-29-20-37-31_UMBRA-07_GEC.tif,108.3278125,169.6476296,-73.34869927,yes
0,Coulman Island,2024-04-29-20-37-31_UMBRA-07_GEC.tif,142.4995128,169.6478834,-73.34854724,yes
0,Coulman Island,2024-04-29-20-37-31_UMBRA-07_GEC.tif,203.7972019,169.6474481,-73.3483648,yes
0,Coulman Island,2024-04-29-20-37-31_UMBRA-07_GEC.tif,136.3638726,169.6476127,-73.34819817,yes
0,Coulman Island,2024-04-29-20-37-31_UMBRA-07_GEC.tif,54.26738434,169.6479144,-73.34756664,yes
0,Coulman Island,2024-04-29-20-37-31_UMBRA-07_GEC.tif,245.0146135,169.6471671,-73.34908635,yes
0,Coulman Island,2024-04-29-20-37-31_UMBRA-07_GEC.tif,64.99668754,169.6459598,-73.34974314,yes
0,Coulman Island,2024-04-29-20-37-31_UMBRA-07_GEC.tif,25.88913775,169.6492712,-73.3494261,yes
0,Coulman Island,2024-04-29-20-37-31_UMBRA-07_GEC.tif,395.2753061,169.6463182,-73.34955805,yes
0,Coulman Island,2024-04-29-20-37-31_UMBRA-07_GEC.tif,417.8817061,169.6468137,-73.34937914,yes
0,Coulman Island,2024-04-29-20-37-31_UMBRA-07_GEC.tif,245.0509694,169.64565,-73.34985766,yes
0,Coulman Island,2024-04-29-20-37-31_UMBRA-07_GEC.tif,59.26965153,169.6417528,-73.35165058,yes
0,Coulman Island,2024-04-29-20-37-31_UMBRA-07_GEC.tif,138.1154833,169.6422804,-73.35151195,yes
0,Coulman Island,2024-04-29-20-37-31_UMBRA-07_GEC.tif,84.83412281,169.6407488,-73.35145514,yes
0,Coulman Island,2024-05-02-18-48-22_UMBRA-05_GEC.tif,256.6745255,169.6439758,-73.34888843,yes
0,Coulman Island,2024-05-02-18-48-22_UMBRA-05_GEC.tif,410.6263152,169.6439283,-73.34862591,yes
0,Coulman Island,2024-05-02-18-48-22_UMBRA-05_GEC.tif,501.7520761,169.6440121,-73.34978261,yes
0,Coulman Island,2024-05-02-18-48-22_UMBRA-05_GEC.tif,646.2394887,169.6440794,-73.34933279,yes
0,Coulman Island,2024-05-02-18-48-22_UMBRA-05_GEC.tif,132.454578,169.6444278,-73.35010175,yes
0,Coulman Island,2024-05-02-18-48-22_UMBRA-05_GEC.tif,246.5096602,169.6437181,-73.35025554,yes
0,Coulman Island,2024-05-02-18-48-22_UMBRA-05_GEC.tif,55.66548015,169.6430545,-73.35037326,yes
0,Coulman Island,2024-05-02-18-48-22_UMBRA-05_GEC.tif,67.16905678,169.6429912,-73.35047237,yes
0,Coulman Island,2024-05-02-18-48-22_UMBRA-05_GEC.tif,159.1821032,169.6434473,-73.35050696,yes
0,Coulman Island,2024-05-02-18-48-22_UMBRA-05_GEC.tif,77.76978164,169.6427919,-73.35063988,yes
0,Coulman Island,2024-05-02-18-48-22_UMBRA-05_GEC.tif,112.8097694,169.6423606,-73.35079685,yes
0,Coulman Island,2024-05-02-18-48-22_UMBRA-05_GEC.tif,399.0449067,169.6415848,-73.3511482,yes
0,Coulman Island,2024-05-02-18-48-22_UMBRA-05_GEC.tif,111.0351987,169.6412403,-73.35141335,yes
0,Coulman Island,2024-05-02-18-48-22_UMBRA-05_GEC.tif,165.0973387,169.6402081,-73.35143615,yes
0,Coulman Island,2024-05-24-21-36-07_UMBRA-04_GEC.tif,737.840318,169.6344543,-73.34940328,yes
0,Coulman Island,2024-05-24-21-36-07_UMBRA-04_GEC.tif,252.3750415,169.6354214,-73.34951229,yes
0,Coulman Island,2024-05-24-21-36-07_UMBRA-04_GEC.tif,2859.164293,169.6366365,-73.34901643,yes
0,Coulman Island,2024-06-01-21-08-56_UMBRA-04_GEC.tif,126.2408903,169.6361529,-73.3513812,yes
0,Coulman Island,2024-06-01-21-08-56_UMBRA-04_GEC.tif,39.01365002,169.6363608,-73.35113725,yes
0,Coulman Island,2024-06-01-21-08-56_UMBRA-04_GEC.tif,117.4345303,169.6363664,-73.3510126,yes
0,Coulman Island,2024-06-01-21-08-56_UMBRA-04_GEC.tif,59.03704922,169.6362319,-73.35012707,yes
0,Coulman Island,2024-06-01-21-08-56_UMBRA-04_GEC.tif,49.44352871,169.6358543,-73.35013455,yes
0,Coulman Island,2024-06-01-21-08-56_UMBRA-04_GEC.tif,230.8348624,169.6391233,-73.3499769,yes
0,Coulman Island,2024-06-01-21-08-56_UMBRA-04_GEC.tif,213.9666394,169.6370256,-73.34959433,yes
0,Coulman Island,2024-06-01-21-08-56_UMBRA-04_GEC.tif,273.8160383,169.6372457,-73.3492987,yes
0,Coulman Island,2024-06-01-21-08-56_UMBRA-04_GEC.tif,70.14671987,169.6384592,-73.34893658,yes
0,Coulman Island,2024-06-01-21-08-56_UMBRA-04_GEC.tif,122.983462,169.6388702,-73.34885074,yes
0,Coulman Island,2024-06-01-21-08-56_UMBRA-04_GEC.tif,245.7049569,169.6389257,-73.34864131,yes
0,Coulman Island,2024-06-01-21-08-56_UMBRA-04_GEC.tif,53.46143284,169.6389705,-73.34837157,yes
0,Coulman Island,2024-06-01-21-08-56_UMBRA-04_GEC.tif,29.70303506,169.6391485,-73.34830201,yes
0,Coulman Island,2024-06-01-21-08-56_UMBRA-04_GEC.tif,98.25780113,169.6381897,-73.34871695,yes
0,Coulman Island,2024-06-01-21-08-56_UMBRA-04_GEC.tif,166.6513568,169.6372995,-73.34888045,yes
0,Coulman Island,2024-06-01-21-08-56_UMBRA-04_GEC.tif,87.23503311,169.6386549,-73.34785876,yes
0,Coulman Island,2024-06-01-21-08-56_UMBRA-04_GEC.tif,292.1738842,169.637211,-73.34764752,yes
0,Coulman Island,2024-06-01-21-08-56_UMBRA-04_GEC.tif,289.5542135,169.6375103,-73.34750279,yes
0,Coulman Island,2024-06-01-21-08-56_UMBRA-04_GEC.tif,275.8815882,169.634269,-73.3474756,yes
0,Coulman Island,2024-06-01-21-08-56_UMBRA-04_GEC.tif,243.5615424,169.632765,-73.34789076,yes
0,Coulman Island,2024-06-01-21-08-56_UMBRA-04_GEC.tif,120.1841222,169.6320186,-73.34802339,yes
0,Coulman Island,2024-06-01-21-08-56_UMBRA-04_GEC.tif,135.4732457,169.6301203,-73.3484473,yes
0,Coulman Island,2024-06-01-21-08-56_UMBRA-04_GEC.tif,29.65073109,169.6357638,-73.3473243,yes
0,Coulman Island,2024-06-01-21-08-56_UMBRA-04_GEC.tif,186.6434258,169.6303011,-73.3482544,yes
0,Coulman Island,2024-06-07-12-39-24_UMBRA-04_GEC.tif,471.6441351,169.6400298,-73.35054267,yes
0,Coulman Island,2024-06-07-12-39-24_UMBRA-04_GEC.tif,47.79440313,169.6401044,-73.35026211,yes
0,Coulman Island,2024-06-07-12-39-24_UMBRA-04_GEC.tif,118.7590967,169.6402675,-73.3499535,yes
0,Coulman Island,2024-06-07-12-39-24_UMBRA-04_GEC.tif,179.3653074,169.639827,-73.349865,yes
0,Coulman Island,2024-06-07-12-39-24_UMBRA-04_GEC.tif,159.9810122,169.6380382,-73.34991366,yes
0,Coulman Island,2024-06-07-12-39-24_UMBRA-04_GEC.tif,40.67673222,169.638931,-73.3499331,yes
0,Coulman Island,2024-06-07-12-39-24_UMBRA-04_GEC.tif,221.1324062,169.6388458,-73.34968099,yes
0,Coulman Island,2024-06-07-12-39-24_UMBRA-04_GEC.tif,180.6374018,169.6401303,-73.34947617,yes
0,Coulman Island,2024-06-07-12-39-24_UMBRA-04_GEC.tif,271.4986691,169.6399739,-73.34933739,yes
0,Coulman Island,2024-06-07-12-39-24_UMBRA-04_GEC.tif,188.2968768,169.6374214,-73.34950964,yes
0,Coulman Island,2024-06-07-12-39-24_UMBRA-04_GEC.tif,31.99863968,169.6387073,-73.34912027,yes
0,Coulman Island,2024-06-07-12-39-24_UMBRA-04_GEC.tif,187.9860184,169.6379384,-73.34890312,yes
0,Coulman Island,2024-06-07-12-39-24_UMBRA-04_GEC.tif,226.3000529,169.6392475,-73.34867002,yes
0,Coulman Island,2024-06-07-12-39-24_UMBRA-04_GEC.tif,192.5380861,169.6381129,-73.3486588,yes
0,Coulman Island,2024-06-07-12-39-24_UMBRA-04_GEC.tif,32.87072001,169.6374419,-73.34858053,yes
0,Coulman Island,2024-06-07-12-39-24_UMBRA-04_GEC.tif,35.28571166,169.6374163,-73.34839811,yes
0,Coulman Island,2024-06-07-12-39-24_UMBRA-04_GEC.tif,327.8671823,169.6374643,-73.34736574,yes
0,Coulman Island,2024-06-07-12-39-24_UMBRA-04_GEC.tif,210.8950753,169.638984,-73.34747278,yes
0,Coulman Island,2024-06-07-12-39-24_UMBRA-04_GEC.tif,147.9905655,169.6390866,-73.34716936,yes
0,Coulman Island,2024-06-07-12-39-24_UMBRA-04_GEC.tif,291.6390488,169.6383799,-73.34699102,yes
0,Coulman Island,2024-06-19-20-47-45_UMBRA-07_GEC.tif,485.8940294,169.6483444,-73.34364825,yes
0,Coulman Island,2024-06-19-20-47-45_UMBRA-07_GEC.tif,30.13652158,169.6470017,-73.34420569,yes
0,Coulman Island,2024-06-19-20-47-45_UMBRA-07_GEC.tif,120.9987432,169.6373313,-73.34529106,yes
0,Coulman Island,2024-06-19-20-47-45_UMBRA-07_GEC.tif,137.3126386,169.6376715,-73.3453578,yes
0,Coulman Island,2024-06-19-20-47-45_UMBRA-07_GEC.tif,71.59549745,169.637621,-73.34562485,yes
0,Coulman Island,2024-06-19-20-47-45_UMBRA-07_GEC.tif,308.5065682,169.6373707,-73.34707804,yes
0,Coulman Island,2024-06-19-20-47-45_UMBRA-07_GEC.tif,305.5543523,169.6358781,-73.34705899,yes
0,Coulman Island,2024-06-19-20-47-45_UMBRA-07_GEC.tif,21.78312927,169.6353891,-73.3470805,yes
0,Coulman Island,2024-06-19-20-47-45_UMBRA-07_GEC.tif,240.9590354,169.6338607,-73.34751089,yes
0,Coulman Island,2024-06-19-20-47-45_UMBRA-07_GEC.tif,180.0643836,169.6364408,-73.34818712,yes
0,Coulman Island,2024-06-19-20-47-45_UMBRA-07_GEC.tif,282.6434932,169.6353832,-73.34809478,yes
0,Coulman Island,2024-06-19-20-47-45_UMBRA-07_GEC.tif,171.2908967,169.6335946,-73.34804867,yes
0,Coulman Island,2024-06-19-20-47-45_UMBRA-07_GEC.tif,87.19432215,169.6338581,-73.34793407,yes
0,Coulman Island,2024-06-19-20-47-45_UMBRA-07_GEC.tif,193.72358,169.6327829,-73.34817652,yes
0,Coulman Island,2024-06-19-20-47-45_UMBRA-07_GEC.tif,121.9140452,169.6353532,-73.34844893,yes
0,Coulman Island,2024-06-19-20-47-45_UMBRA-07_GEC.tif,263.5164603,169.6344229,-73.34889602,yes
0,Coulman Island,2024-06-19-20-47-45_UMBRA-07_GEC.tif,425.4933234,169.63367,-73.34863529,yes
0,Coulman Island,2024-07-10-21-17-47_UMBRA-04_GEC.tif,504.2260125,169.6371941,-73.34659026,yes
0,Coulman Island,2024-07-10-21-17-47_UMBRA-04_GEC.tif,1398.102952,169.6361541,-73.34692892,yes
0,Coulman Island,2024-07-10-21-17-47_UMBRA-04_GEC.tif,585.6406444,169.6345201,-73.3468463,yes
0,Coulman Island,2024-07-16-13-27-00_UMBRA-07_GEC.tif,2183.149835,169.6327198,-73.34817214,yes
0,Coulman Island,2024-08-06-12-10-54_UMBRA-05_GEC.tif,460.1090951,169.6426902,-73.3440841,yes
0,Coulman Island,2024-08-06-12-10-54_UMBRA-05_GEC.tif,269.7535362,169.6423609,-73.34467488,yes
0,Coulman Island,2024-08-06-12-10-54_UMBRA-05_GEC.tif,65.67641012,169.6418128,-73.34495729,yes
0,Coulman Island,2024-08-06-12-10-54_UMBRA-05_GEC.tif,26.30495943,169.6413125,-73.3452146,yes
0,Coulman Island,2024-08-06-12-10-54_UMBRA-05_GEC.tif,48.61606129,169.6406967,-73.34544357,yes
0,Coulman Island,2024-08-06-12-10-54_UMBRA-05_GEC.tif,32.94719589,169.6398527,-73.34576844,yes
0,Coulman Island,2024-08-06-12-10-54_UMBRA-05_GEC.tif,1420.127182,169.6362839,-73.34644989,yes
0,Coulman Island,2024-08-08-19-29-30_UMBRA-05_GEC.tif,1436.603671,169.6322459,-73.34514344,yes
0,Coulman Island,2024-08-08-19-29-30_UMBRA-05_GEC.tif,490.5827906,169.6332287,-73.34502562,yes
0,Cape Roget,2024-05-02-20-09-23_UMBRA-08_GEC.tif,165.1093966,170.5970496,-71.98318036,yes
0,Cape Roget,2024-05-02-20-09-23_UMBRA-08_GEC.tif,92.14687537,170.5996313,-71.98388446,yes
0,Cape Roget,2024-05-02-20-09-23_UMBRA-08_GEC.tif,537.5281348,170.5988352,-71.98379583,yes
0,Cape Roget,2024-05-02-20-09-23_UMBRA-08_GEC.tif,268.5246151,170.5985757,-71.9834896,yes
0,Cape Roget,2024-05-02-20-09-23_UMBRA-08_GEC.tif,59.15880106,170.5990393,-71.9834458,yes
0,Cape Roget,2024-05-02-20-09-23_UMBRA-08_GEC.tif,309.4287005,170.5977605,-71.98339514,yes
0,Cape Roget,2024-05-02-20-09-23_UMBRA-08_GEC.tif,104.3730276,170.5980309,-71.98316866,yes
0,Cape Roget,2024-05-02-20-09-23_UMBRA-08_GEC.tif,13.83189107,170.5975182,-71.98314519,yes
0,Cape Roget,2024-05-02-20-09-23_UMBRA-08_GEC.tif,14.73335853,170.5969812,-71.98331814,yes
0,Cape Roget,2024-05-02-20-09-23_UMBRA-08_GEC.tif,145.6996758,170.596043,-71.98319074,yes
0,Cape Roget,2024-05-02-20-09-23_UMBRA-08_GEC.tif,78.37132599,170.5963124,-71.98329613,yes
0,Cape Roget,2024-05-02-20-09-23_UMBRA-08_GEC.tif,67.33778379,170.596442,-71.98318419,yes
0,Cape Roget,2024-05-02-20-09-23_UMBRA-08_GEC.tif,52.04188973,170.5965832,-71.98327806,yes
0,Cape Roget,2024-05-02-20-09-23_UMBRA-08_GEC.tif,21.12668894,170.59626,-71.98307153,yes
0,Cape Roget,2024-05-09-20-35-25_UMBRA-08_GEC.tif,52.29547529,170.5938077,-71.98495802,yes
0,Cape Roget,2024-05-09-20-35-25_UMBRA-08_GEC.tif,187.3747026,170.5954389,-71.9849088,yes
0,Cape Roget,2024-05-09-20-35-25_UMBRA-08_GEC.tif,101.0813627,170.5944129,-71.98446932,yes
0,Cape Roget,2024-05-09-20-35-25_UMBRA-08_GEC.tif,152.3465077,170.5948449,-71.98444263,yes
0,Cape Roget,2024-05-09-20-35-25_UMBRA-08_GEC.tif,215.0387612,170.5958232,-71.98463358,yes
0,Cape Roget,2024-05-09-20-35-25_UMBRA-08_GEC.tif,8.785961591,170.5963668,-71.98476613,yes
0,Cape Roget,2024-05-09-20-35-25_UMBRA-08_GEC.tif,40.1547812,170.5976739,-71.98499162,yes
0,Cape Roget,2024-05-09-20-35-25_UMBRA-08_GEC.tif,7.482751416,170.5980663,-71.98502988,yes
0,Cape Roget,2024-05-09-20-35-25_UMBRA-08_GEC.tif,143.5185063,170.5980051,-71.98484925,yes
0,Cape Roget,2024-05-09-20-35-25_UMBRA-08_GEC.tif,217.7573673,170.5973858,-71.98462949,yes
0,Cape Roget,2024-05-09-20-35-25_UMBRA-08_GEC.tif,37.02980609,170.5993781,-71.98450551,yes
0,Cape Roget,2024-05-09-20-35-25_UMBRA-08_GEC.tif,43.31845008,170.5978196,-71.98453101,yes
0,Cape Roget,2024-05-09-20-35-25_UMBRA-08_GEC.tif,139.739345,170.59807,-71.98448553,yes
0,Cape Roget,2024-05-09-20-35-25_UMBRA-08_GEC.tif,60.1230213,170.5980922,-71.98436641,yes
0,Cape Roget,2024-05-17-21-15-19_UMBRA-04_GEC.tif,120.0070441,170.6001756,-71.98514366,yes
0,Cape Roget,2024-05-17-21-15-19_UMBRA-04_GEC.tif,98.99012714,170.6008801,-71.98491836,yes
0,Cape Roget,2024-05-17-21-15-19_UMBRA-04_GEC.tif,18.68668313,170.6016423,-71.98496225,yes
0,Cape Roget,2024-05-17-21-15-19_UMBRA-04_GEC.tif,41.77989825,170.6015006,-71.98489312,yes
0,Cape Roget,2024-05-17-21-15-19_UMBRA-04_GEC.tif,106.3990758,170.5981839,-71.9845029,yes
0,Cape Roget,2024-05-17-21-15-19_UMBRA-04_GEC.tif,78.15245895,170.5962376,-71.98456179,yes
0,Cape Roget,2024-05-17-21-15-19_UMBRA-04_GEC.tif,322.45358,170.5957203,-71.98435911,yes
0,Cape Roget,2024-05-17-21-15-19_UMBRA-04_GEC.tif,68.54396061,170.6007303,-71.9844084,yes
0,Cape Roget,2024-05-17-21-15-19_UMBRA-04_GEC.tif,253.6242792,170.6002326,-71.98448299,yes
0,Cape Roget,2024-05-17-21-15-19_UMBRA-04_GEC.tif,349.7253227,170.5990589,-71.98411445,yes
0,Cape Roget,2024-05-17-21-15-19_UMBRA-04_GEC.tif,129.6785902,170.5984533,-71.98342626,yes
0,Cape Roget,2024-05-24-21-22-03_UMBRA-05_GEC.tif,97.63082408,170.5998014,-71.98379085,yes
0,Cape Roget,2024-05-24-21-22-03_UMBRA-05_GEC.tif,80.09432044,170.6000874,-71.98367376,yes
0,Cape Roget,2024-05-24-21-22-03_UMBRA-05_GEC.tif,110.4321728,170.5996466,-71.98369196,yes
0,Cape Roget,2024-05-24-21-22-03_UMBRA-05_GEC.tif,84.99378651,170.5992254,-71.98353945,yes
0,Cape Roget,2024-05-24-21-22-03_UMBRA-05_GEC.tif,332.0583261,170.5991416,-71.98371457,yes
0,Cape Roget,2024-05-24-21-22-03_UMBRA-05_GEC.tif,35.89456397,170.5988014,-71.98361937,yes
0,Cape Roget,2024-05-24-21-22-03_UMBRA-05_GEC.tif,125.4442565,170.5970734,-71.98365765,yes
0,Cape Roget,2024-05-24-21-22-03_UMBRA-05_GEC.tif,253.6818061,170.5962244,-71.98349356,yes
0,Cape Roget,2024-05-24-21-22-03_UMBRA-05_GEC.tif,22.64509322,170.5967153,-71.98347243,yes
0,Cape Roget,2024-05-24-21-22-03_UMBRA-05_GEC.tif,177.2243475,170.5967552,-71.98323187,yes
0,Cape Roget,2024-05-24-21-22-03_UMBRA-05_GEC.tif,17.13751975,170.5975029,-71.98339055,yes
0,Cape Roget,2024-06-01-13-23-51_UMBRA-07_GEC.tif,32.80252291,170.5961077,-71.98371943,yes
0,Cape Roget,2024-06-01-13-23-51_UMBRA-07_GEC.tif,54.79037062,170.5984114,-71.9838967,yes
0,Cape Roget,2024-06-01-13-23-51_UMBRA-07_GEC.tif,41.27202674,170.5968324,-71.98401644,yes
0,Cape Roget,2024-06-01-13-23-51_UMBRA-07_GEC.tif,46.15655541,170.5973521,-71.98400175,yes
0,Cape Roget,2024-06-01-13-23-51_UMBRA-07_GEC.tif,127.9537391,170.5958528,-71.98399337,yes
0,Cape Roget,2024-06-01-13-23-51_UMBRA-07_GEC.tif,100.1701815,170.5995809,-71.98497834,yes
0,Cape Roget,2024-06-01-13-23-51_UMBRA-07_GEC.tif,40.71934308,170.6000191,-71.98467621,yes
0,Cape Roget,2024-06-01-13-23-51_UMBRA-07_GEC.tif,56.4633591,170.6004435,-71.98477934,yes
0,Cape Roget,2024-06-01-13-23-51_UMBRA-07_GEC.tif,58.80853036,170.6011101,-71.98501164,yes
0,Cape Roget,2024-06-01-13-23-51_UMBRA-07_GEC.tif,24.31808159,170.6013608,-71.98513589,yes
0,Cape Roget,2024-06-01-13-23-51_UMBRA-07_GEC.tif,54.52149757,170.597561,-71.98452029,yes
0,Cape Roget,2024-06-01-13-23-51_UMBRA-07_GEC.tif,9.559933826,170.596972,-71.98446443,yes
0,Cape Roget,2024-06-01-13-23-51_UMBRA-07_GEC.tif,90.71480943,170.5973599,-71.98486343,yes
0,Cape Roget,2024-06-01-13-23-51_UMBRA-07_GEC.tif,96.40595748,170.5964839,-71.98459952,yes
0,Cape Roget,2024-06-01-13-23-51_UMBRA-07_GEC.tif,80.12419523,170.5962242,-71.98451235,yes
0,Cape Roget,2024-06-07-10-57-16_UMBRA-05_GEC.tif,183.0876699,170.5915822,-71.98488819,yes
0,Cape Roget,2024-06-07-10-57-16_UMBRA-05_GEC.tif,71.14681989,170.5911516,-71.98469252,yes
0,Cape Roget,2024-06-07-10-57-16_UMBRA-05_GEC.tif,149.568152,170.5913083,-71.98452626,yes
0,Cape Roget,2024-06-07-10-57-16_UMBRA-05_GEC.tif,264.825104,170.5924219,-71.98478631,yes
0,Cape Roget,2024-06-07-10-57-16_UMBRA-05_GEC.tif,44.02050771,170.5939607,-71.98476483,yes
0,Cape Roget,2024-06-07-10-57-16_UMBRA-05_GEC.tif,175.3202237,170.5951436,-71.98493546,yes
0,Cape Roget,2024-06-07-10-57-16_UMBRA-05_GEC.tif,119.9323571,170.5951771,-71.98521681,yes
0,Cape Roget,2024-06-07-10-57-16_UMBRA-05_GEC.tif,137.1253006,170.5945614,-71.98533791,yes
0,Cape Roget,2024-06-07-10-57-16_UMBRA-05_GEC.tif,44.24456863,170.5959247,-71.9855129,yes
0,Cape Roget,2024-06-07-10-57-16_UMBRA-05_GEC.tif,78.94414089,170.5968069,-71.98559317,yes
0,Cape Roget,2024-06-07-10-57-16_UMBRA-05_GEC.tif,91.95461339,170.5958268,-71.98567687,yes
0,Cape Roget,2024-06-07-10-57-16_UMBRA-05_GEC.tif,55.91067538,170.5927154,-71.98551287,yes
0,Cape Roget,2024-06-07-10-57-16_UMBRA-05_GEC.tif,22.79265837,170.5992268,-71.98554848,yes
0,Cape Roget,2024-06-21-12-19-39_UMBRA-04_GEC.tif,86.75797479,170.6033364,-71.98503217,yes
0,Cape Roget,2024-06-21-12-19-39_UMBRA-04_GEC.tif,113.9632918,170.6029242,-71.98487702,yes
0,Cape Roget,2024-06-21-12-19-39_UMBRA-04_GEC.tif,188.6502747,170.6010043,-71.98473093,yes
0,Cape Roget,2024-06-21-12-19-39_UMBRA-04_GEC.tif,20.60456317,170.6011481,-71.98458671,yes
0,Cape Roget,2024-06-21-12-19-39_UMBRA-04_GEC.tif,52.25900708,170.5994566,-71.98476971,yes
0,Cape Roget,2024-06-21-12-19-39_UMBRA-04_GEC.tif,25.78305515,170.5993382,-71.98445156,yes
0,Cape Roget,2024-06-21-12-19-39_UMBRA-04_GEC.tif,278.3257097,170.5992688,-71.98425034,yes
0,Cape Roget,2024-06-21-12-19-39_UMBRA-04_GEC.tif,44.52773744,170.5987131,-71.98459689,yes
0,Cape Roget,2024-06-21-12-19-39_UMBRA-04_GEC.tif,144.2684103,170.5986801,-71.98386186,yes
0,Cape Roget,2024-06-25-21-07-07_UMBRA-08_GEC.tif,217.204917,170.5943438,-71.98468729,yes
0,Cape Roget,2024-06-25-21-07-07_UMBRA-08_GEC.tif,118.2665456,170.5948255,-71.98469906,yes
0,Cape Roget,2024-06-25-21-07-07_UMBRA-08_GEC.tif,58.23980061,170.5943476,-71.98388729,yes
0,Cape Roget,2024-06-25-21-07-07_UMBRA-08_GEC.tif,60.13614972,170.5940795,-71.98386084,yes
0,Cape Roget,2024-06-25-21-07-07_UMBRA-08_GEC.tif,92.59289526,170.5967845,-71.98498066,yes
0,Cape Roget,2024-06-25-21-07-07_UMBRA-08_GEC.tif,66.48162583,170.5972313,-71.98493704,yes
0,Cape Roget,2024-06-25-21-07-07_UMBRA-08_GEC.tif,158.0169419,170.5978519,-71.98519451,yes
0,Cape Roget,2024-06-25-21-07-07_UMBRA-08_GEC.tif,45.58531668,170.5981229,-71.9850744,yes
0,Cape Roget,2024-06-25-21-07-07_UMBRA-08_GEC.tif,25.63718212,170.5963359,-71.98476533,yes
0,Cape Roget,2024-07-10-13-13-50_UMBRA-07_GEC.tif,44.45480082,170.6017943,-71.98477378,yes
0,Cape Roget,2024-07-10-13-13-50_UMBRA-07_GEC.tif,111.9575379,170.6022721,-71.98473718,yes
0,Cape Roget,2024-07-10-13-13-50_UMBRA-07_GEC.tif,20.23988065,170.6025415,-71.98492129,yes
0,Cape Roget,2024-07-10-13-13-50_UMBRA-07_GEC.tif,152.6196403,170.6017838,-71.98500956,yes
0,Cape Roget,2024-07-10-13-13-50_UMBRA-07_GEC.tif,163.7789259,170.6025388,-71.98525878,yes
0,Cape Roget,2024-07-10-13-13-50_UMBRA-07_GEC.tif,36.61412637,170.6037681,-71.98540006,yes
0,Cape Roget,2024-07-10-13-13-50_UMBRA-07_GEC.tif,249.8804721,170.6042429,-71.98525109,yes
0,Cape Roget,2024-07-16-11-53-21_UMBRA-08_GEC.tif,568.8318161,170.5982803,-71.98665342,yes
0,Cape Roget,2024-07-16-11-53-21_UMBRA-08_GEC.tif,152.958941,170.5986514,-71.98699297,yes
0,Cape Roget,2024-08-09-20-58-58_UMBRA-07_GEC.tif,354.7631687,170.5971123,-71.98469948,yes
0,Cape Roget,2024-08-09-20-58-58_UMBRA-07_GEC.tif,283.735848,170.5945478,-71.98438452,yes
0,Cape Roget,2024-08-09-20-58-58_UMBRA-07_GEC.tif,226.5554939,170.5957926,-71.98438702,yes
0,Cape Roget,2024-08-09-20-58-58_UMBRA-07_GEC.tif,114.5847691,170.5935328,-71.98428502,yes
0,Cape Washington,2024-04-23-13-06-28_UMBRA-04_GEC.tif,63.39789551,165.371226,-74.64626408,yes
0,Cape Washington,2024-04-23-13-06-28_UMBRA-04_GEC.tif,66.88120054,165.3719183,-74.64639977,yes
0,Cape Washington,2024-04-23-13-06-28_UMBRA-04_GEC.tif,56.93763083,165.3720413,-74.64629072,yes
0,Cape Washington,2024-04-23-13-06-28_UMBRA-04_GEC.tif,27.34263413,165.373567,-74.64624273,yes
0,Cape Washington,2024-04-23-13-06-28_UMBRA-04_GEC.tif,10.4499148,165.3724783,-74.6462002,yes
0,Cape Washington,2024-04-23-13-06-28_UMBRA-04_GEC.tif,29.47683361,165.3857379,-74.64617992,yes
0,Cape Washington,2024-04-23-13-06-28_UMBRA-04_GEC.tif,35.33809842,165.3880079,-74.64598683,yes
0,Cape Washington,2024-04-23-13-06-28_UMBRA-04_GEC.tif,80.84282711,165.3863725,-74.6468938,yes
0,Cape Washington,2024-04-23-13-06-28_UMBRA-04_GEC.tif,63.53611063,165.3909961,-74.64731954,yes
0,Cape Washington,2024-04-23-13-06-28_UMBRA-04_GEC.tif,50.32162264,165.3884661,-74.64649657,yes
0,Cape Washington,2024-04-23-13-06-28_UMBRA-04_GEC.tif,9.037004655,165.388509,-74.64656032,yes
0,Cape Washington,2024-04-23-13-06-28_UMBRA-04_GEC.tif,101.5597341,165.3864629,-74.64613014,yes
0,Cape Washington,2024-04-23-13-06-28_UMBRA-04_GEC.tif,43.70971629,165.394755,-74.64697786,yes
0,Cape Washington,2024-04-23-13-06-28_UMBRA-04_GEC.tif,26.68474018,165.3868029,-74.64629085,yes
0,Cape Washington,2024-04-23-13-06-28_UMBRA-04_GEC.tif,10.7420999,165.3886081,-74.64668739,yes
0,Cape Washington,2024-04-23-13-06-28_UMBRA-04_GEC.tif,33.19857028,165.3916721,-74.6476205,yes
0,Cape Washington,2024-04-23-13-06-28_UMBRA-04_GEC.tif,27.15364135,165.3927225,-74.64509175,yes
0,Cape Washington,2024-04-23-13-06-28_UMBRA-04_GEC.tif,9.591160628,165.3931739,-74.64516432,yes
0,Cape Washington,2024-04-23-13-06-28_UMBRA-04_GEC.tif,19.69384978,165.3935893,-74.64529468,yes
0,Cape Washington,2024-04-23-13-06-28_UMBRA-04_GEC.tif,21.35631766,165.3929692,-74.64536005,yes
0,Cape Washington,2024-04-23-13-06-28_UMBRA-04_GEC.tif,17.53592193,165.3937165,-74.64591767,yes
0,Cape Washington,2024-04-23-13-06-28_UMBRA-04_GEC.tif,6.64987136,165.3894186,-74.64663076,yes
0,Cape Washington,2024-04-23-13-06-28_UMBRA-04_GEC.tif,3.143172469,165.389288,-74.64664326,yes
0,Cape Washington,2024-04-23-13-06-28_UMBRA-04_GEC.tif,3.783231346,165.3893337,-74.64672157,yes
0,Cape Washington,2024-04-23-13-06-28_UMBRA-04_GEC.tif,26.04309617,165.3983136,-74.64841371,yes
0,Cape Washington,2024-04-29-11-25-34_UMBRA-04_GEC.tif,390.9143928,165.3903474,-74.64760261,yes
0,Cape Washington,2024-04-29-11-25-34_UMBRA-04_GEC.tif,36.72348829,165.3903153,-74.64779603,yes
0,Cape Washington,2024-04-29-11-25-34_UMBRA-04_GEC.tif,54.52041966,165.3898385,-74.647925,yes
0,Cape Washington,2024-04-29-11-25-34_UMBRA-04_GEC.tif,283.5548796,165.3902099,-74.64799164,yes
0,Cape Washington,2024-04-29-11-25-34_UMBRA-04_GEC.tif,17.37065757,165.3882701,-74.64762605,yes
0,Cape Washington,2024-04-29-11-25-34_UMBRA-04_GEC.tif,12.93741,165.3887123,-74.64775614,yes
0,Cape Washington,2024-04-29-11-25-34_UMBRA-04_GEC.tif,60.85058565,165.3914563,-74.64683668,yes
0,Cape Washington,2024-04-29-11-25-34_UMBRA-04_GEC.tif,70.63356944,165.3933483,-74.64677051,yes
0,Cape Washington,2024-04-29-11-25-34_UMBRA-04_GEC.tif,423.1406925,165.3949025,-74.64650456,yes
0,Cape Washington,2024-04-29-11-25-34_UMBRA-04_GEC.tif,150.964868,165.393502,-74.64690987,yes
0,Cape Washington,2024-04-29-11-25-34_UMBRA-04_GEC.tif,138.4750455,165.392318,-74.64695296,yes
0,Cape Washington,2024-04-29-11-25-34_UMBRA-04_GEC.tif,247.6224532,165.3951682,-74.64679432,yes
0,Cape Washington,2024-04-29-11-25-34_UMBRA-04_GEC.tif,99.96120724,165.3951205,-74.64601038,yes
0,Cape Washington,2024-04-29-11-25-34_UMBRA-04_GEC.tif,196.8319293,165.3952501,-74.64624559,yes
0,Cape Washington,2024-04-29-11-25-34_UMBRA-04_GEC.tif,18.10831103,165.3888277,-74.64533498,yes
0,Cape Washington,2024-04-29-11-25-34_UMBRA-04_GEC.tif,57.07806254,165.3769765,-74.6480663,yes
0,Cape Washington,2024-04-29-11-25-34_UMBRA-04_GEC.tif,67.73490762,165.3780469,-74.64784676,yes
0,Cape Washington,2024-04-29-11-25-34_UMBRA-04_GEC.tif,13.93984401,165.3778227,-74.64789974,yes
0,Cape Washington,2024-04-29-11-25-34_UMBRA-04_GEC.tif,4.810372033,165.3776909,-74.64787394,yes
0,Cape Washington,2024-04-29-11-25-34_UMBRA-04_GEC.tif,49.27049114,165.3784934,-74.64721636,yes
0,Cape Washington,2024-04-29-11-25-34_UMBRA-04_GEC.tif,41.67624429,165.3790653,-74.64744437,yes
0,Cape Washington,2024-04-29-11-25-34_UMBRA-04_GEC.tif,159.3358966,165.3784826,-74.64749523,yes
0,Cape Washington,2024-05-09-20-36-21_UMBRA-07_GEC.tif,138.13028,165.3954228,-74.64878112,yes
0,Cape Washington,2024-05-09-20-36-21_UMBRA-07_GEC.tif,47.60887515,165.3961078,-74.6489072,yes
0,Cape Washington,2024-05-09-20-36-21_UMBRA-07_GEC.tif,44.36351789,165.396399,-74.64889395,yes
0,Cape Washington,2024-05-09-20-36-21_UMBRA-07_GEC.tif,13.45535401,165.3964435,-74.64903135,yes
0,Cape Washington,2024-05-09-20-36-21_UMBRA-07_GEC.tif,38.01704161,165.3968605,-74.64898334,yes
0,Cape Washington,2024-05-09-20-36-21_UMBRA-07_GEC.tif,78.89697869,165.3902225,-74.64871211,yes
0,Cape Washington,2024-05-09-20-36-21_UMBRA-07_GEC.tif,40.16116132,165.3906625,-74.64861481,yes
0,Cape Washington,2024-05-09-20-36-21_UMBRA-07_GEC.tif,63.38588302,165.390524,-74.64872389,yes
0,Cape Washington,2024-05-09-20-36-21_UMBRA-07_GEC.tif,130.8884946,165.3907042,-74.64884967,yes
0,Cape Washington,2024-05-09-20-36-21_UMBRA-07_GEC.tif,33.05121042,165.3909088,-74.64875403,yes
0,Cape Washington,2024-05-09-20-36-21_UMBRA-07_GEC.tif,17.28019909,165.3911072,-74.6487991,yes
0,Cape Washington,2024-05-09-20-36-21_UMBRA-07_GEC.tif,59.48714817,165.3911634,-74.64888841,yes
0,Cape Washington,2024-05-09-20-36-21_UMBRA-07_GEC.tif,69.90391657,165.384447,-74.64787804,yes
0,Cape Washington,2024-05-09-20-36-21_UMBRA-07_GEC.tif,159.6020023,165.3866232,-74.64778765,yes
0,Cape Washington,2024-05-09-20-36-21_UMBRA-07_GEC.tif,53.87616641,165.3870403,-74.64837209,yes
0,Cape Washington,2024-05-09-20-36-21_UMBRA-07_GEC.tif,229.6492065,165.3899244,-74.64781629,yes
0,Cape Washington,2024-05-09-20-36-21_UMBRA-07_GEC.tif,147.1769138,165.3894174,-74.6474727,yes
0,Cape Washington,2024-05-09-20-36-21_UMBRA-07_GEC.tif,145.3960525,165.3954129,-74.64735907,yes
0,Cape Washington,2024-05-09-20-36-21_UMBRA-07_GEC.tif,36.55882724,165.3961907,-74.64749511,yes
0,Cape Washington,2024-05-09-20-36-21_UMBRA-07_GEC.tif,26.73338655,165.3952675,-74.64639882,yes
0,Cape Washington,2024-05-09-20-36-21_UMBRA-07_GEC.tif,120.6277542,165.3942201,-74.64617436,yes
0,Cape Washington,2024-05-09-20-36-21_UMBRA-07_GEC.tif,46.46614666,165.3935017,-74.64623105,yes
0,Cape Washington,2024-05-09-20-36-21_UMBRA-07_GEC.tif,291.4061953,165.393143,-74.64612128,yes
0,Cape Washington,2024-05-09-20-36-21_UMBRA-07_GEC.tif,268.971439,165.3930107,-74.64649476,yes
0,Cape Washington,2024-05-09-20-36-21_UMBRA-07_GEC.tif,103.3308846,165.3917636,-74.64538212,yes
0,Cape Washington,2024-05-09-20-36-21_UMBRA-07_GEC.tif,12.38414917,165.3919388,-74.6452578,yes
0,Cape Washington,2024-05-09-20-36-21_UMBRA-07_GEC.tif,13.22340559,165.391453,-74.64541377,yes
0,Cape Washington,2024-05-24-21-23-01_UMBRA-05_GEC.tif,135.5315916,165.3930839,-74.64962545,yes
0,Cape Washington,2024-05-24-21-23-01_UMBRA-05_GEC.tif,86.35641234,165.3923502,-74.64950047,yes
0,Cape Washington,2024-05-24-21-23-01_UMBRA-05_GEC.tif,89.70472233,165.3940474,-74.64930606,yes
0,Cape Washington,2024-05-24-21-23-01_UMBRA-05_GEC.tif,30.7454415,165.3933601,-74.64918626,yes
0,Cape Washington,2024-05-24-21-23-01_UMBRA-05_GEC.tif,523.2661259,165.3937823,-74.64889695,yes
0,Cape Washington,2024-05-24-21-23-01_UMBRA-05_GEC.tif,269.0142175,165.396461,-74.64804429,yes
0,Cape Washington,2024-05-24-21-23-01_UMBRA-05_GEC.tif,85.8066898,165.3957586,-74.64690012,yes
0,Cape Washington,2024-05-24-21-23-01_UMBRA-05_GEC.tif,77.66080138,165.3962337,-74.64654801,yes
0,Cape Washington,2024-05-24-21-23-01_UMBRA-05_GEC.tif,55.92177396,165.3962827,-74.64672008,yes
0,Cape Washington,2024-05-24-21-23-01_UMBRA-05_GEC.tif,134.332197,165.3928473,-74.64557653,yes
0,Cape Washington,2024-05-24-21-23-01_UMBRA-05_GEC.tif,50.92429638,165.3929759,-74.64587826,yes
0,Cape Washington,2024-05-24-21-23-01_UMBRA-05_GEC.tif,246.4755936,165.3914906,-74.64640858,yes
0,Cape Washington,2024-05-24-21-23-01_UMBRA-05_GEC.tif,149.6244784,165.3932755,-74.6460557,yes
0,Cape Washington,2024-05-24-21-23-01_UMBRA-05_GEC.tif,138.8799015,165.394698,-74.64596209,yes
0,Cape Washington,2024-05-24-21-23-01_UMBRA-05_GEC.tif,30.28471406,165.3946307,-74.64623548,yes
0,Cape Washington,2024-05-24-21-23-01_UMBRA-05_GEC.tif,32.69006,165.3942415,-74.64589791,yes
0,Cape Washington,2024-05-24-21-23-01_UMBRA-05_GEC.tif,411.5222077,165.3939562,-74.64635506,yes
0,Cape Washington,2024-06-06-14-00-06_UMBRA-08_GEC.tif,66.81627505,165.3966419,-74.64804284,yes
0,Cape Washington,2024-06-06-14-00-06_UMBRA-08_GEC.tif,659.7669883,165.396514,-74.64776225,yes
0,Cape Washington,2024-06-06-14-00-06_UMBRA-08_GEC.tif,181.55836,165.3943067,-74.64700539,yes
0,Cape Washington,2024-06-06-14-00-06_UMBRA-08_GEC.tif,68.11561922,165.3956278,-74.64698133,yes
0,Cape Washington,2024-06-06-14-00-06_UMBRA-08_GEC.tif,77.9106752,165.394184,-74.64689323,yes
0,Cape Washington,2024-06-06-14-00-06_UMBRA-08_GEC.tif,165.8662803,165.3946513,-74.64668863,yes
0,Cape Washington,2024-06-06-14-00-06_UMBRA-08_GEC.tif,48.92530536,165.3944878,-74.64659075,yes
0,Cape Washington,2024-06-06-14-00-06_UMBRA-08_GEC.tif,50.66242859,165.3948287,-74.6467807,yes
0,Cape Washington,2024-06-06-14-00-06_UMBRA-08_GEC.tif,56.8712947,165.3932356,-74.64566352,yes
0,Cape Washington,2024-06-06-14-00-06_UMBRA-08_GEC.tif,239.6290493,165.394577,-74.6461697,yes
0,Cape Washington,2024-06-06-14-00-06_UMBRA-08_GEC.tif,415.4902848,165.395489,-74.64601371,yes
0,Cape Washington,2024-06-06-14-00-06_UMBRA-08_GEC.tif,61.31904974,165.3965316,-74.6463164,yes
0,Cape Washington,2024-06-06-14-00-06_UMBRA-08_GEC.tif,93.60275481,165.3961996,-74.64615131,yes
0,Cape Washington,2024-06-06-14-00-06_UMBRA-08_GEC.tif,29.3851681,165.3965792,-74.6464278,yes
0,Cape Washington,2024-06-06-14-00-06_UMBRA-08_GEC.tif,77.86661749,165.395364,-74.64657157,yes
0,Cape Washington,2024-06-20-11-32-16_UMBRA-05_GEC.tif,113.8925138,165.396762,-74.6494033,yes
0,Cape Washington,2024-06-20-11-32-16_UMBRA-05_GEC.tif,91.05404129,165.3957703,-74.64859089,yes
0,Cape Washington,2024-06-20-11-32-16_UMBRA-05_GEC.tif,115.6916056,165.3957622,-74.64836306,yes
0,Cape Washington,2024-06-20-11-32-16_UMBRA-05_GEC.tif,46.67644044,165.3955782,-74.64819753,yes
0,Cape Washington,2024-06-20-11-32-16_UMBRA-05_GEC.tif,39.33014845,165.3956353,-74.6479484,yes
0,Cape Washington,2024-06-20-11-32-16_UMBRA-05_GEC.tif,152.822864,165.3956544,-74.64777702,yes
0,Cape Washington,2024-06-20-11-32-16_UMBRA-05_GEC.tif,59.76983172,165.3923698,-74.64681693,yes
0,Cape Washington,2024-06-20-11-32-16_UMBRA-05_GEC.tif,56.37154691,165.3945279,-74.64691338,yes
0,Cape Washington,2024-06-20-11-32-16_UMBRA-05_GEC.tif,104.4972559,165.3929633,-74.64681965,yes
0,Cape Washington,2024-06-20-11-32-16_UMBRA-05_GEC.tif,56.67139561,165.3919709,-74.6466068,yes
0,Cape Washington,2024-06-20-11-32-16_UMBRA-05_GEC.tif,41.0212149,165.3908685,-74.64639544,yes
0,Cape Washington,2024-06-20-11-32-16_UMBRA-05_GEC.tif,225.1868189,165.3912025,-74.64627761,yes
0,Cape Washington,2024-06-20-11-32-16_UMBRA-05_GEC.tif,72.36027674,165.3916786,-74.64643395,yes
0,Cape Washington,2024-06-20-11-32-16_UMBRA-05_GEC.tif,113.8727637,165.392624,-74.64610503,yes
0,Cape Washington,2024-06-20-11-32-16_UMBRA-05_GEC.tif,146.7061113,165.3929438,-74.64633886,yes
0,Cape Washington,2024-06-20-11-32-16_UMBRA-05_GEC.tif,67.97976773,165.3939272,-74.64633025,yes
0,Cape Washington,2024-06-20-11-32-16_UMBRA-05_GEC.tif,61.85933699,165.3914903,-74.64562152,yes
0,Cape Washington,2024-06-20-11-32-16_UMBRA-05_GEC.tif,25.7508425,165.394334,-74.64605804,yes
0,Cape Washington,2024-06-20-11-32-16_UMBRA-05_GEC.tif,41.38966894,165.3940551,-74.64598171,yes
0,Cape Washington,2024-06-25-19-54-29_UMBRA-05_GEC.tif,127.0961693,165.3962681,-74.64816654,yes
0,Cape Washington,2024-06-25-19-54-29_UMBRA-05_GEC.tif,331.6905021,165.3962341,-74.64775478,yes
0,Cape Washington,2024-06-25-19-54-29_UMBRA-05_GEC.tif,159.2949572,165.3922947,-74.64634141,yes
0,Cape Washington,2024-06-25-19-54-29_UMBRA-05_GEC.tif,128.0787134,165.3928817,-74.64641878,yes
0,Cape Washington,2024-06-25-19-54-29_UMBRA-05_GEC.tif,102.2050529,165.3910186,-74.64604357,yes
0,Cape Washington,2024-06-25-19-54-29_UMBRA-05_GEC.tif,92.80947525,165.3944629,-74.64666356,yes
0,Cape Washington,2024-06-25-19-54-29_UMBRA-05_GEC.tif,204.8399687,165.3941991,-74.64637346,yes
0,Cape Washington,2024-06-25-19-54-29_UMBRA-05_GEC.tif,29.68101872,165.3936966,-74.646185,yes
0,Cape Washington,2024-06-25-19-54-29_UMBRA-05_GEC.tif,330.155277,165.392794,-74.64613291,yes
0,Cape Washington,2024-06-25-19-54-29_UMBRA-05_GEC.tif,178.1065822,165.3927494,-74.6458693,yes
0,Cape Washington,2024-07-10-12-08-23_UMBRA-04_GEC.tif,329.6844746,165.3945783,-74.6478618,yes
0,Cape Washington,2024-07-10-12-08-23_UMBRA-04_GEC.tif,521.0349321,165.3936286,-74.647293,yes
0,Cape Washington,2024-07-10-12-08-23_UMBRA-04_GEC.tif,639.5015151,165.3924221,-74.64652128,yes
0,Cape Washington,2024-07-10-12-08-23_UMBRA-04_GEC.tif,146.1229059,165.3941434,-74.64599816,yes
0,Cape Washington,2024-08-06-12-17-34_UMBRA-04_GEC.tif,140.8722559,165.3949755,-74.64752046,yes
0,Cape Washington,2024-08-06-12-17-34_UMBRA-04_GEC.tif,242.0538254,165.3942873,-74.64733585,yes
0,Cape Washington,2024-08-06-12-17-34_UMBRA-04_GEC.tif,69.16700855,165.3952571,-74.64685257,yes
0,Cape Washington,2024-08-06-12-17-34_UMBRA-04_GEC.tif,89.94372169,165.3947984,-74.64677094,yes
0,Cape Washington,2024-08-06-12-17-34_UMBRA-04_GEC.tif,191.2890485,165.3931275,-74.64610147,yes
0,Cape Washington,2024-08-06-12-17-34_UMBRA-04_GEC.tif,59.79190056,165.3944812,-74.64663726,yes
0,Cape Washington,2024-08-06-12-17-34_UMBRA-04_GEC.tif,91.6631738,165.3948963,-74.64660953,yes
0,Cape Washington,2024-08-06-12-17-34_UMBRA-04_GEC.tif,74.42771322,165.3948487,-74.64648184,yes
0,Cape Washington,2024-08-06-12-17-34_UMBRA-04_GEC.tif,148.1799274,165.3942348,-74.64645701,yes
0,Cape Washington,2024-08-06-12-17-34_UMBRA-04_GEC.tif,33.98284747,165.3936759,-74.645528,yes
0,Cape Washington,2024-08-09-21-35-14_UMBRA-04_GEC.tif,1181.403697,165.3980739,-74.64881764,yes
0,Cape Washington,2024-08-09-21-35-14_UMBRA-04_GEC.tif,167.315549,165.3979807,-74.64856197,yes
0,Cape Washington,2024-08-09-21-35-14_UMBRA-04_GEC.tif,20.38970847,165.3978888,-74.64825774,yes
0,Cape Washington,2024-08-09-21-35-14_UMBRA-04_GEC.tif,185.4064177,165.3949,-74.64700208,yes
0,Cape Washington,2024-08-09-21-35-14_UMBRA-04_GEC.tif,21.38920397,165.3956644,-74.64720122,yes
0,Cape Washington,2024-08-09-21-35-14_UMBRA-04_GEC.tif,215.7910814,165.3965672,-74.64741039,yes
0,Cape Washington,2024-08-09-21-35-14_UMBRA-04_GEC.tif,59.86978128,165.3970331,-74.64774584,yes
0,Franklin Island,2024-05-02-15-28-16_UMBRA-07_GEC.tif,303.3661141,168.3939259,-76.17725851,yes
0,Franklin Island,2024-05-02-15-28-16_UMBRA-07_GEC.tif,142.9275609,168.3942521,-76.17747247,yes
0,Franklin Island,2024-05-02-15-28-16_UMBRA-07_GEC.tif,228.8260783,168.3939467,-76.17700423,yes
0,Franklin Island,2024-05-02-15-28-16_UMBRA-07_GEC.tif,59.63202867,168.3923295,-76.17718825,yes
0,Franklin Island,2024-05-02-15-28-16_UMBRA-07_GEC.tif,394.1294029,168.3919084,-76.17758199,yes
0,Franklin Island,2024-05-02-15-28-16_UMBRA-07_GEC.tif,33.98385987,168.3926069,-76.17771842,yes
0,Franklin Island,2024-05-02-15-28-16_UMBRA-07_GEC.tif,48.31583816,168.3909954,-76.17773525,yes
0,Franklin Island,2024-05-02-15-28-16_UMBRA-07_GEC.tif,209.8384245,168.3925044,-76.17781835,yes
0,Franklin Island,2024-05-02-15-28-16_UMBRA-07_GEC.tif,96.2743693,168.3892992,-76.17676876,yes
0,Franklin Island,2024-05-02-15-28-16_UMBRA-07_GEC.tif,44.36561144,168.3907628,-76.17651189,yes
0,Franklin Island,2024-05-02-15-28-16_UMBRA-07_GEC.tif,73.4861269,168.3911823,-76.17643033,yes
0,Franklin Island,2024-05-02-15-28-16_UMBRA-07_GEC.tif,49.98327058,168.3920243,-76.17654901,yes
0,Franklin Island,2024-05-02-15-28-16_UMBRA-07_GEC.tif,75.59026778,168.390389,-76.17703897,yes
0,Franklin Island,2024-05-02-15-28-16_UMBRA-07_GEC.tif,26.7186188,168.3909173,-76.17705829,yes
0,Franklin Island,2024-05-02-15-28-16_UMBRA-07_GEC.tif,64.39465038,168.3893752,-76.17724263,yes
0,Franklin Island,2024-05-02-15-28-16_UMBRA-07_GEC.tif,21.39871549,168.3898702,-76.17750624,yes
0,Franklin Island,2024-05-02-15-28-16_UMBRA-07_GEC.tif,81.40643068,168.3910669,-76.17738601,yes
0,Franklin Island,2024-05-02-15-28-16_UMBRA-07_GEC.tif,92.68144961,168.3917017,-76.17742391,yes
0,Franklin Island,2024-05-02-15-28-16_UMBRA-07_GEC.tif,50.43982937,168.3910677,-76.17753044,yes
0,Franklin Island,2024-05-02-15-28-16_UMBRA-07_GEC.tif,25.13058794,168.3915712,-76.17753815,yes
0,Franklin Island,2024-05-02-15-28-16_UMBRA-07_GEC.tif,17.92489805,168.3896911,-76.17657089,yes
0,Franklin Island,2024-05-02-15-28-16_UMBRA-07_GEC.tif,24.3961237,168.3915704,-76.17644209,yes
0,Franklin Island,2024-05-02-15-28-16_UMBRA-07_GEC.tif,91.9327109,168.3860428,-76.17995346,yes
0,Franklin Island,2024-05-09-21-19-25_UMBRA-04_GEC.tif,249.3605419,168.3923533,-76.17667964,yes
0,Franklin Island,2024-05-09-21-19-25_UMBRA-04_GEC.tif,265.4592044,168.3917269,-76.17702896,yes
0,Franklin Island,2024-05-09-21-19-25_UMBRA-04_GEC.tif,73.82358347,168.3890007,-76.17694174,yes
0,Franklin Island,2024-05-09-21-19-25_UMBRA-04_GEC.tif,82.37909959,168.3886921,-76.17680938,yes
0,Franklin Island,2024-05-09-21-19-25_UMBRA-04_GEC.tif,78.46857364,168.3911572,-76.17720182,yes
0,Franklin Island,2024-05-09-21-19-25_UMBRA-04_GEC.tif,46.60870502,168.3904051,-76.17737007,yes
0,Franklin Island,2024-05-09-21-19-25_UMBRA-04_GEC.tif,120.8292961,168.3923453,-76.17755014,yes
0,Franklin Island,2024-05-09-21-19-25_UMBRA-04_GEC.tif,90.2200018,168.3928025,-76.17762431,yes
0,Franklin Island,2024-05-09-21-19-25_UMBRA-04_GEC.tif,13.81408967,168.3910554,-76.17684543,yes
0,Franklin Island,2024-05-09-21-19-25_UMBRA-04_GEC.tif,56.92315583,168.3907463,-76.17684704,yes
0,Franklin Island,2024-05-09-21-19-25_UMBRA-04_GEC.tif,86.84543628,168.3857964,-76.17984041,yes
0,Franklin Island,2024-05-24-21-23-43_UMBRA-05_GEC.tif,331.9381453,168.3924266,-76.17724367,yes
0,Franklin Island,2024-05-24-21-23-43_UMBRA-05_GEC.tif,151.2963982,168.3858022,-76.17983451,yes
0,Franklin Island,2024-06-07-18-46-38_UMBRA-05_GEC.tif,83.68922502,168.3897472,-76.17775637,yes
0,Franklin Island,2024-06-07-18-46-38_UMBRA-05_GEC.tif,73.48612689,168.3908428,-76.17747732,yes
0,Franklin Island,2024-06-07-18-46-38_UMBRA-05_GEC.tif,34.30146605,168.3929909,-76.17747689,yes
0,Franklin Island,2024-06-07-18-46-38_UMBRA-05_GEC.tif,60.78188023,168.3935144,-76.17745285,yes
0,Franklin Island,2024-06-07-18-46-38_UMBRA-05_GEC.tif,89.94209641,168.3931782,-76.17690764,yes
0,Franklin Island,2024-06-07-18-46-38_UMBRA-05_GEC.tif,96.8897313,168.3897164,-76.17734475,yes
0,Franklin Island,2024-06-07-18-46-38_UMBRA-05_GEC.tif,90.22000186,168.3914817,-76.17720275,yes
0,Franklin Island,2024-06-07-18-46-38_UMBRA-05_GEC.tif,37.04081926,168.391816,-76.17726545,yes
0,Franklin Island,2024-06-07-18-46-38_UMBRA-05_GEC.tif,64.45420153,168.3916877,-76.1770222,yes
0,Franklin Island,2024-06-07-18-46-38_UMBRA-05_GEC.tif,107.0928295,168.3927699,-76.176702,yes
0,Franklin Island,2024-06-07-18-46-38_UMBRA-05_GEC.tif,60.3847174,168.3868509,-76.17956688,yes
0,Franklin Island,2024-08-09-20-49-47_UMBRA-05_GEC.tif,224.4681586,168.3888998,-76.17647879,yes
0,Franklin Island,2024-08-09-20-49-47_UMBRA-05_GEC.tif,87.91735704,168.3894032,-76.17660368,yes
0,Franklin Island,2024-08-09-20-49-47_UMBRA-05_GEC.tif,69.13889248,168.3899664,-76.17651715,yes
0,Franklin Island,2024-08-09-20-49-47_UMBRA-05_GEC.tif,41.4476048,168.3901571,-76.17616644,yes
0,Franklin Island,2024-08-09-20-49-47_UMBRA-05_GEC.tif,133.5335428,168.390806,-76.17635153,yes
0,Franklin Island,2024-08-09-20-49-47_UMBRA-05_GEC.tif,68.12652285,168.3907884,-76.17617179,yes
0,Franklin Island,2024-08-09-20-49-47_UMBRA-05_GEC.tif,253.9453605,168.3915089,-76.17625375,yes
0,Cape Crozier,2024-04-23-15-16-44_UMBRA-07_GEC.tif,509.9549111,169.2766368,-77.45248853,yes
0,Cape Crozier,2024-04-23-15-16-44_UMBRA-07_GEC.tif,21.02821995,169.2740754,-77.45291045,yes
0,Cape Crozier,2024-04-23-15-16-44_UMBRA-07_GEC.tif,70.73694103,169.2744856,-77.4528285,yes
0,Cape Crozier,2024-05-02-15-27-32_UMBRA-07_GEC.tif,359.1043746,169.2730624,-77.45296668,yes
0,Cape Crozier,2024-05-02-15-27-32_UMBRA-07_GEC.tif,257.9440344,169.2755525,-77.45252104,yes
0,Cape Crozier,2024-05-02-15-27-32_UMBRA-07_GEC.tif,44.7813986,169.275551,-77.45154943,yes
0,Cape Crozier,2024-05-02-15-27-32_UMBRA-07_GEC.tif,100.3755328,169.2754572,-77.45143736,yes
0,Cape Crozier,2024-05-17-22-24-29_UMBRA-07_GEC.tif,445.3576559,169.2786512,-77.45185654,yes
0,Cape Crozier,2024-05-17-22-24-29_UMBRA-07_GEC.tif,104.7943992,169.2763595,-77.4523074,yes
0,Cape Crozier,2024-06-01-14-57-01_UMBRA-07_GEC.tif,129.0143799,169.2772482,-77.45193385,yes
0,Cape Crozier,2024-06-01-14-57-01_UMBRA-07_GEC.tif,24.08956986,169.2766751,-77.45197802,yes
0,Cape Crozier,2024-06-01-14-57-01_UMBRA-07_GEC.tif,166.1967678,169.2764784,-77.4518859,yes
0,Cape Crozier,2024-06-01-14-57-01_UMBRA-07_GEC.tif,78.83030751,169.2771796,-77.45173116,yes
0,Cape Crozier,2024-06-01-14-57-01_UMBRA-07_GEC.tif,19.01648265,169.2776537,-77.4518383,yes
0,Cape Crozier,2024-06-01-14-57-01_UMBRA-07_GEC.tif,70.02075481,169.2867707,-77.45006371,yes
0,Cape Crozier,2024-06-24-21-20-53_UMBRA-08_GEC.tif,91.29646532,169.2813021,-77.45133274,yes
0,Cape Crozier,2024-06-24-21-20-53_UMBRA-08_GEC.tif,151.07303,169.2810257,-77.45113105,yes
0,Cape Crozier,2024-06-20-12-46-04_UMBRA-07_GEC.tif,102.8661231,169.2798253,-77.4514163,yes
0,Cape Crozier,2024-06-20-12-46-04_UMBRA-07_GEC.tif,179.4780229,169.281151,-77.45118825,yes
0,Cape Crozier,2024-06-20-12-46-04_UMBRA-07_GEC.tif,40.89926575,169.2805003,-77.45113024,yes
0,Cape Crozier,2024-06-20-12-46-04_UMBRA-07_GEC.tif,81.17639464,169.2801006,-77.45109597,yes
0,Cape Crozier,2024-06-20-12-46-04_UMBRA-07_GEC.tif,88.25572196,169.2854872,-77.44990874,yes
0,Cape Crozier,2024-07-16-19-42-39_UMBRA-07_GEC.tif,274.6757767,169.283064,-77.45059827,yes
0,Atka Bay,2024-04-12-20-38-35_UMBRA-06_GEC.tif,116.8903701,-8.15839976,-70.61952415,yes
0,Atka Bay,2024-04-12-20-38-35_UMBRA-06_GEC.tif,23.22298204,-8.1587744,-70.61958714,yes
0,Atka Bay,2024-04-12-20-38-35_UMBRA-06_GEC.tif,18.85591867,-8.15934119,-70.61982649,yes
0,Atka Bay,2024-04-12-20-38-35_UMBRA-06_GEC.tif,4.530383402,-8.15884913,-70.61973511,yes
0,Atka Bay,2024-04-12-20-38-35_UMBRA-06_GEC.tif,6.10180791,-8.1587447,-70.61982448,yes
0,Atka Bay,2024-05-24-09-59-25_UMBRA-07_GEC.tif,183.5738085,-8.15635849,-70.61672031,yes
0,Atka Bay,2024-06-07-09-24-36_UMBRA-04_GEC.tif,27.63539455,-8.16077338,-70.62170903,yes
0,Cape Roget,2024-05-24-21-22-03_UMBRA-05_GEC.tif,223.5443615,170.5981355,-71.98336896,yes
0,Cape Roget,2024-05-24-21-22-03_UMBRA-05_GEC.tif,171.8083347,170.5979303,-71.98353007,yes
0,Cape Roget,2024-06-01-13-23-51_UMBRA-07_GEC.tif,85.66763528,170.5985001,-71.98479931,yes
0,Cape Roget,2024-06-01-13-23-51_UMBRA-07_GEC.tif,124.2927981,170.5987713,-71.98466486,yes
0,Cape Roget,2024-06-01-13-23-51_UMBRA-07_GEC.tif,60.73718366,170.5993385,-71.98442343,yes
0,Cape Roget,2024-06-01-13-23-51_UMBRA-07_GEC.tif,44.03798113,170.5975054,-71.98415963,yes
0,Cape Roget,2024-06-01-13-23-51_UMBRA-07_GEC.tif,71.81480161,170.5980012,-71.98421353,yes
0,Cape Roget,2024-06-01-13-23-51_UMBRA-07_GEC.tif,20.54761917,170.5988156,-71.98503314,yes
0,Cape Roget,2024-06-01-13-23-51_UMBRA-07_GEC.tif,74.1544693,170.6010535,-71.9846667,yes
0,Cape Roget,2024-07-10-13-13-50_UMBRA-07_GEC.tif,151.2114366,170.602651,-71.98499539,yes
0,Cape Washington,2024-04-29-11-25-34_UMBRA-04_GEC.tif,55.99030722,165.3763829,-74.64722702,yes
0,Cape Washington,2024-04-29-11-25-34_UMBRA-04_GEC.tif,288.4965685,165.3911349,-74.64830816,yes
0,Cape Washington,2024-04-29-11-25-34_UMBRA-04_GEC.tif,13.23350441,165.3901559,-74.64818597,yes
0,Cape Washington,2024-04-29-11-25-34_UMBRA-04_GEC.tif,46.80060509,165.392758,-74.64742774,yes
0,Cape Washington,2024-04-29-11-25-34_UMBRA-04_GEC.tif,17.06688732,165.3920841,-74.64754172,yes
0,Cape Washington,2024-05-24-21-23-01_UMBRA-05_GEC.tif,140.1351452,165.3779526,-74.64812905,yes
0,Cape Washington,2024-06-06-14-00-06_UMBRA-08_GEC.tif,66.30144384,165.3955019,-74.64686663,yes
0,Franklin Island,2024-04-23-15-17-29_UMBRA-07_GEC.tif,116.8238632,168.3951361,-76.17710934,yes
0,Franklin Island,2024-05-02-15-28-16_UMBRA-07_GEC.tif,138.5416972,168.3904523,-76.17672956,yes
0,Franklin Island,2024-05-24-21-23-43_UMBRA-05_GEC.tif,682.5705035,168.3900798,-76.17732586,yes
0,Franklin Island,2024-05-24-21-23-43_UMBRA-05_GEC.tif,4.5931688,168.3928946,-76.17720392,yes
0,Franklin Island,2024-06-07-18-46-38_UMBRA-05_GEC.tif,248.781394,168.3941758,-76.17730977,yes
0,Atka Bay,2024-07-12-22-45-13_UMBRA-05_GEC.tif,9.271478278,-8.15673273,-70.61641796,yes
0,Franklin Island,2024-03-29-19-15-03_UMBRA-04_GEC.tif,0,NA,NA,no
0,Franklin Island,2024-03-30-10-08-04_UMBRA-06_GEC.tif,0,NA,NA,no
0,Franklin Island,2024-04-06-21-02-03_UMBRA-05_GEC.tif,0,NA,NA,no
0,Cape Washington,2024-03-30-12-16-12_UMBRA-08_GEC.tif,0,NA,NA,no
0,Cape Roget,2024-03-30-10-57-25_UMBRA-05_GEC.tif,0,NA,NA,no
0,Cape Roget,2024-04-12-13-42-46_UMBRA-07_GEC.tif,0,NA,NA,no
0,Cape Crozier,2024-03-23-02-39-08_UMBRA-06_GEC.tif,0,NA,NA,no
0,Cape Crozier,2024-04-04-13-25-53_UMBRA-05_GEC.tif,0,NA,NA,no
0,Cape Crozier,2024-04-06-22-22-05_UMBRA-07_GEC.tif,0,NA,NA,no
0,Atka Bay,2024-03-22-20-13-47_UMBRA-06_GEC.tif,0,NA,NA,no
